{"A": {"GCA": {"frequency": 0.254949494949495}, "GCC": {"frequency": 0.20127946127946128}, "GCU": {"frequency": 0.16080808080808082}, "GCG": {"frequency": 0.38296296296296295}}, "C": {"UGC": {"frequency": 0.5648003848003849}, "UGU": {"frequency": 0.4351996151996152}}, "E": {"GAG": {"frequency": 0.30372422680412375}, "GAA": {"frequency": 0.6962757731958763}}, "D": {"GAU": {"frequency": 0.52}, "GAC": {"frequency": 0.48}}, "G": {"GGU": {"frequency": 0.5541981075577913}, "GGG": {"frequency": 0.0}, "GGA": {"frequency": 0.0}, "GGC": {"frequency": 0.44580189244220864}}, "F": {"UUU": {"frequency": 0.5266666666666667}, "UUC": {"frequency": 0.4733333333333334}}, "I": {"AUA": {"frequency": 0.09103520072371592}, "AUC": {"frequency": 0.3559314400132287}, "AUU": {"frequency": 0.5530333592630555}}, "H": {"CAC": {"frequency": 0.40850121149186575}, "CAU": {"frequency": 0.5914987885081343}}, "K": {"AAG": {"frequency": 0.4266666666666667}, "AAA": {"frequency": 0.5733333333333334}}, "*": {"UAA": {"frequency": 0.6647970290690229}, "UGA": {"frequency": 0.335202970930977}, "UAG": {"frequency": 0.0}}, "M": {"AUG": {"frequency": 1.0}}, "L": {"CUU": {"frequency": 0.0}, "CUG": {"frequency": 0.8035714285714285}, "CUC": {"frequency": 0.0}, "CUA": {"frequency": 0.0}, "UUG": {"frequency": 0.19642857142857142}, "UUA": {"frequency": 0.0}}, "N": {"AAU": {"frequency": 0.5017736474317412}, "AAC": {"frequency": 0.4982263525682588}}, "Q": {"CAA": {"frequency": 0.47333333333333333}, "CAG": {"frequency": 0.5266666666666667}}, "P": {"CCU": {"frequency": 0.15807560137457044}, "CCG": {"frequency": 0.7079037800687286}, "CCA": {"frequency": 0.13402061855670103}, "CCC": {"frequency": 0.0}}, "S": {"UCU": {"frequency": 0.15427769985974754}, "AGC": {"frequency": 0.6176562256506155}, "UCG": {"frequency": 0.07713884992987377}, "UCC": {"frequency": 0.15092722455976312}, "UCA": {"frequency": 0.0}, "AGU": {"frequency": 0.0}}, "R": {"AGG": {"frequency": 0.0}, "CGC": {"frequency": 0.42732924261201627}, "AGA": {"frequency": 0.0}, "CGA": {"frequency": 0.0969883827544862}, "CGG": {"frequency": 0.12175639049259943}, "CGU": {"frequency": 0.3539259841408982}}, "T": {"ACC": {"frequency": 0.5038461538461538}, "ACA": {"frequency": 0.0}, "ACG": {"frequency": 0.35769230769230775}, "ACU": {"frequency": 0.13846153846153847}}, "W": {"UGG": {"frequency": 1.0}}, "V": {"GUC": {"frequency": 0.20427237119614344}, "GUA": {"frequency": 0.18236416591342772}, "GUG": {"frequency": 0.35140504167922065}, "GUU": {"frequency": 0.26195842121120816}}, "Y": {"UAC": {"frequency": 0.42719800615123554}, "UAU": {"frequency": 0.5728019938487644}}}