{"A": {"GCA": {"frequency": 0.25}, "GCC": {"frequency": 0.18000000000000002}, "GCU": {"frequency": 0.48000000000000004}, "GCG": {"frequency": 0.09000000000000001}}, "C": {"UGC": {"frequency": 0.38}, "UGU": {"frequency": 0.62}}, "E": {"GAG": {"frequency": 0.32}, "GAA": {"frequency": 0.68}}, "D": {"GAU": {"frequency": 0.71}, "GAC": {"frequency": 0.29}}, "G": {"GGU": {"frequency": 0.42574257425742573}, "GGG": {"frequency": 0.0891089108910891}, "GGA": {"frequency": 0.31683168316831684}, "GGC": {"frequency": 0.16831683168316833}}, "F": {"UUU": {"frequency": 0.71}, "UUC": {"frequency": 0.29}}, "I": {"AUA": {"frequency": 0.22}, "AUC": {"frequency": 0.21}, "AUU": {"frequency": 0.57}}, "H": {"CAC": {"frequency": 0.28}, "CAU": {"frequency": 0.72}}, "K": {"AAG": {"frequency": 0.38}, "AAA": {"frequency": 0.62}}, "*": {"UAA": {"frequency": 0.59}, "UGA": {"frequency": 0.2}, "UAG": {"frequency": 0.21}}, "M": {"AUG": {"frequency": 1.0}}, "L": {"CUU": {"frequency": 0.25742574257425743}, "CUG": {"frequency": 0.06930693069306931}, "CUC": {"frequency": 0.06930693069306931}, "CUA": {"frequency": 0.0891089108910891}, "UUG": {"frequency": 0.24752475247524752}, "UUA": {"frequency": 0.26732673267326734}}, "N": {"AAU": {"frequency": 0.66}, "AAC": {"frequency": 0.34}}, "Q": {"CAA": {"frequency": 0.72}, "CAG": {"frequency": 0.28}}, "P": {"CCU": {"frequency": 0.46}, "CCG": {"frequency": 0.1}, "CCA": {"frequency": 0.27}, "CCC": {"frequency": 0.17}}, "S": {"UCU": {"frequency": 0.32673267326732675}, "AGC": {"frequency": 0.09900990099009901}, "UCG": {"frequency": 0.0891089108910891}, "UCC": {"frequency": 0.12871287128712872}, "UCA": {"frequency": 0.19801980198019803}, "AGU": {"frequency": 0.15841584158415842}}, "R": {"CGA": {"frequency": 0.16161616161616163}, "CGC": {"frequency": 0.12121212121212122}, "AGA": {"frequency": 0.23232323232323235}, "AGG": {"frequency": 0.10101010101010102}, "CGG": {"frequency": 0.06060606060606061}, "CGU": {"frequency": 0.32323232323232326}}, "T": {"ACC": {"frequency": 0.2}, "ACA": {"frequency": 0.26}, "ACG": {"frequency": 0.12}, "ACU": {"frequency": 0.42}}, "W": {"UGG": {"frequency": 1.0}}, "V": {"GUC": {"frequency": 0.18}, "GUA": {"frequency": 0.2}, "GUG": {"frequency": 0.14}, "GUU": {"frequency": 0.48}}, "Y": {"UAC": {"frequency": 0.35}, "UAU": {"frequency": 0.65}}}
